from,to,weight
0,1,10
0,2,14.1421
0,3,7.07107
0,4,10
1,2,10
1,3,7.07107
1,4,14.1421
2,3,7.07107
2,4,10
3,4,7.07107
